id,PctPoorinPoorSchools
1001,0.070851604
1003,0.030071521
1005,0.443033246
1007,0
1009,0
1011,1
1013,0.913565891
1015,0.278069629
1017,0.472238288
1019,0.12363773
1021,0.089707649
1023,1
1025,0.385902031
1027,0
1029,0
1031,0.068949667
1033,0.092307692
1035,1
1037,0.577898551
1039,0.105129651
1041,0
1043,0.061739944
1045,0.300054555
1047,0.924797059
1049,0.34777832
1051,0
1053,0.591532061
1055,0.32072815
1057,0
1059,0.136363636
1061,0.104628549
1063,1
1065,0.706841867
1067,0.489808524
1069,0.369832628
1071,0.09781135
1073,0.590959913
1075,0
1077,0.12785114
1079,0.212931618
1081,0.099953293
1083,0
1085,1
1087,1
1089,0.326957034
1091,0.363286713
1093,0.076666667
1095,0.204605397
1097,0.517213501
1099,0.598599337
1101,0.840318113
1103,0.220641975
1105,1
1107,0.678370787
1109,0.260911736
1111,0.201037096
1113,0.4103732
1115,0.023531175
1117,0.040151875
1119,1
1121,0.461176471
1123,0.166300768
1125,0.353427382
1127,0.128845225
1129,0.279022403
1131,1
1133,0
1990,
2013,0
2016,0
2020,0.303638784
2050,0.686418458
2060,0
2068,0
2070,0.622818792
2090,0.022088742
2100,0
2105,0.642384106
2110,0
2122,0.048914804
2130,0
2150,0.055178268
2164,0.757142857
2170,0
2180,0.659137577
2185,0
2188,0.740870787
2195,0.031847134
2198,0.425034388
2220,0
2230,0
2240,0.39658444
2261,0.059793814
2270,1
2275,0
2282,1
2290,0.567307692
2990,
4001,0.948058137
4003,0.448165586
4005,0.295182743
4007,0.134296029
4009,0
4011,0
4012,0.767137097
4013,0.472282093
4015,0.292721519
4017,0.628677563
4019,0.400101503
4021,0.180930267
4023,0.580313758
4025,0.223651034
4027,0.740544993
4990,
5001,0
5003,0.387400434
5005,0.122096881
5007,0.203647265
5009,0.150180105
5011,0.794079794
5013,0.585427136
5015,0.432846988
5017,1
5019,0.232520325
5021,0.137546468
5023,0
5025,0.173333333
5027,0.051316377
5029,0
5031,0.19518857
5033,0.359954036
5035,0.386630286
5037,0
5039,0
5041,0.834552102
5043,0.164239076
5045,0.021187912
5047,0.059502125
5049,0
5051,0.217391304
5053,0
5055,0.147242096
5057,0.73008073
5059,0.302738489
5061,0.224423963
5063,0.135686707
5065,0.1019879
5067,0.505428227
5069,0.671354224
5071,0.346956777
5073,0.677790564
5075,0.270306859
5077,1
5079,0
5081,0
5083,0.447700297
5085,0.055934277
5087,0.112649465
5089,0.398379971
5091,0.212202236
5093,0.628058051
5095,1
5097,0.584754263
5099,0.594059406
5101,0.297577855
5103,0.516564812
5105,0
5107,0.917843027
5109,0
5111,0.752304147
5113,0.382398754
5115,0.174276751
5117,0
5119,0.58424835
5121,0.287787183
5123,1
5125,0
5127,0.543830262
5129,0.448609432
5131,0.536746751
5133,0.360435876
5135,0.123919308
5137,0.111527648
5139,0.247748737
5141,0.21166033
5143,0.374701335
5145,0.07165322
5147,0.520532741
5149,0.519083969
5990,
6001,0.408476518
6003,0
6005,0
6007,0.323212031
6009,0.043366409
6011,0.35725429
6013,0.487991848
6015,0.284668721
6017,0.094594595
6019,0.770091795
6021,0.441176471
6023,0.277435897
6025,0.733335946
6027,0.020378457
6029,0.695111398
6031,0.60753929
6033,0.659681611
6035,0.050728277
6037,0.478763534
6037,0.478763534
6039,0.644368374
6041,0.053198476
6043,0
6045,0.354934249
6047,0.799385729
6049,0
6051,0.024054983
6053,0.75395713
6055,0.23144974
6057,0.042764579
6059,0.545545916
6061,0.031307441
6063,0
6065,0.538435132
6067,0.471201415
6069,0.229334768
6071,0.62240841
6073,0.437166106
6075,0.378429306
6077,0.496814546
6079,0.073177404
6081,0.319762304
6083,0.527465288
6085,0.309971253
6087,0.641266725
6089,0.334806707
6091,0
6093,0.24441995
6095,0.317727303
6097,0.364802245
6099,0.459117998
6101,0.395523621
6103,0.221234871
6105,0.350100604
6107,0.593967252
6109,0.00985042
6111,0.419548313
6113,0.245237618
6115,0.53298569
6990,
8001,0.590739744
8003,0.715216104
8005,0.286499493
8007,0
8009,0
8011,0.72605364
8013,0.2000169
8014,0
8015,0
8017,0
8019,0
8021,0.070075758
8023,0.887780549
8025,0.482428115
8027,0
8029,0
8031,0.74043244
8033,0
8035,0
8037,0.074892775
8039,0
8041,0.212576406
8043,0
8045,0
8047,0
8049,0
8051,0
8053,0
8055,0.61376673
8057,0
8059,0.265850552
8061,0
8063,0.078880407
8065,0.636835279
8067,0
8069,0.019394773
8071,0.147179068
8073,0
8075,0
8077,0.116326531
8079,0
8081,0
8083,0.117561684
8085,0.100315277
8087,0.134238311
8089,0.507713249
8091,0
8093,0
8095,0
8097,0
8099,0.362357669
8101,0.379104661
8103,0
8105,0.517465475
8107,0
8109,0.710419486
8111,0.279069767
8113,0
8115,0.194570136
8117,0
8119,0
8121,0
8123,0.302821115
8125,0
8990,
9001,0.444399718
9003,0.46055523
9005,0.063911749
9007,0.067088322
9009,0.493114331
9011,0.224459649
9013,0.005376344
9015,0.250253734
9990,
10001,0.084678671
10003,0.326164983
10005,0.252504253
10990,
11001,0.489482109
12001,0.235298463
12003,0
12005,0.34294563
12007,0
12009,0.207418788
12011,0.409853176
12013,0.333996024
12015,0.192961165
12017,0.076170437
12019,0
12021,0.53951784
12023,0.24305004
12027,0.774151436
12029,1
12031,0.251291818
12033,0.389513886
12035,0
12037,1
12039,0.780995106
12041,0
12043,0
12045,0
12047,0.996946565
12049,0.635768262
12051,0.755773139
12053,0.179485238
12055,0.459758083
12057,0.454676974
12059,0.114323843
12061,0.296570343
12063,0.187854442
12065,0.477951636
12067,0
12069,0.223957219
12071,0.456520551
12073,0.413408953
12075,0.619495299
12077,0
12079,0.625450799
12081,0.368388884
12083,0.428819696
12085,0.267709292
12086,0.713590053
12087,0
12089,0
12091,0
12093,0.473779385
12095,0.478749758
12097,0.631759369
12099,0.454054446
12101,0.380675299
12103,0.294030188
12105,0.495411084
12107,0.645230954
12109,0.070111732
12111,0.223076923
12113,0.077297508
12115,0.205383123
12117,0.110896919
12119,0.283283709
12121,0.435682602
12123,0.608242045
12125,0
12127,0.224888838
12129,0.019017433
12131,0.19769821
12133,0.359853681
12990,
13001,0.423817161
13003,1
13005,0
13007,1
13009,0.860968534
13011,0.188451209
13013,0.100570873
13015,0.103348154
13017,1
13019,0.028238458
13021,0.739346445
13023,0.007513661
13025,0.240646259
13027,1
13029,0
13031,0.266980062
13033,1
13035,0.179475983
13037,1
13039,0
13043,0.420025189
13045,0.106179869
13047,0.053552303
13049,0.492424242
13051,0.528842497
13053,0.197115385
13055,0.3996337
13057,0.110794781
13059,0.788845005
13061,1
13063,0.931632334
13065,0.756032172
13067,0.43845158
13069,0.697721519
13071,0.427925382
13073,0
13075,0
13077,0.077373402
13079,0.541638456
13081,0.786682736
13083,0
13085,0
13087,0.544926132
13089,0.701554658
13091,0.30339404
13093,1
13095,0.864125423
13097,0.303213511
13099,0.529688419
13101,0.767241379
13103,0
13105,0.249669166
13107,0.713623188
13109,0.812140575
13111,0.187080103
13113,0
13115,0.25510883
13117,0
13119,0
13121,0.715573198
13123,0.326679973
13125,0
13127,0.264073055
13129,0.206940874
13131,0.582509271
13133,0.19510665
13135,0.431382533
13137,0.132293763
13139,0.378543888
13141,0
13143,0
13145,0
13147,0
13149,0.369472183
13151,0.152541547
13153,0.212462868
13155,0
13157,0.094428051
13159,0.348246675
13161,0.573901465
13163,1
13165,0.760707635
13167,0.769499418
13169,0
13171,0.748140803
13173,0
13175,0.552257267
13177,0
13179,0.056551116
13181,0
13183,0
13185,0.345909132
13187,0
13189,0.308571429
13191,0.742899851
13193,1
13195,0.129844319
13197,0.507598784
13199,0.998062766
13201,0.55596556
13205,0.788430809
13207,0
13209,0.667919799
13211,0
13213,0.588814632
13215,0.663436903
13217,0.409391792
13219,0
13221,0
13223,0
13225,0.390148831
13227,0
13229,0
13231,0
13233,0.272120855
13235,0
13237,0.777728483
13239,1
13241,0
13243,1
13245,0.724078526
13247,0.329937155
13249,0
13251,1
13253,0
13255,0.721411347
13257,0
13259,1
13261,1
13263,1
13265,1
13267,0.479422383
13269,0.589882565
13271,0.54870624
13273,0.74454325
13275,0.251928943
13277,0.198481763
13279,0.453444181
13281,0
13283,1
13285,0.281261459
13287,0.754155731
13289,1
13291,0.032059186
13293,0.364094488
13295,0.402967872
13297,0.149093694
13299,0.325704649
13301,1
13303,0.328929385
13305,0.137008734
13307,0.752238806
13309,1
13311,0
13313,0.547938111
13315,0.746464646
13317,0.7538214
13319,1
13321,0.299680766
13990,
15001,0.349315068
15003,0.206811661
15005,
15007,0.038762804
15009,0.037323037
15990,
16001,0
16003,0
16005,0.079734688
16007,0
16009,0.234875445
16011,0.045470203
16013,0
16015,0
16017,0.037970192
16019,0.121233217
16021,0
16023,0
16025,0
16027,0.314767748
16029,0
16031,0
16033,0.492063492
16035,0.294532628
16037,0
16039,0.036168133
16041,0
16043,0
16045,0
16047,0.238095238
16049,0.17196702
16051,0.043448744
16053,0
16055,0.031386128
16057,0
16059,0
16061,0
16063,0.609467456
16065,0
16067,0.183993723
16069,0.031280547
16071,0
16073,0.028100183
16075,0.242677824
16077,0.152193375
16079,0
16081,0
16083,0.037498308
16085,0
16087,0
16990,
17001,0.182964017
17003,1
17005,0
17007,0
17009,0
17011,0.161809816
17013,0
17015,0
17017,0.404850746
17019,0.287632679
17021,0
17023,0
17025,0
17027,0.178025852
17029,0
17031,0.744538354
17033,0
17035,0
17037,0
17039,0
17041,0
17043,0.065514759
17045,0
17047,0
17049,0
17051,0
17053,0
17055,0
17057,0
17059,0
17061,0.348655681
17063,0
17065,0
17067,0
17069,0
17071,0
17073,0.232551405
17075,0
17077,0
17079,0
17081,0.46249295
17083,0
17085,0
17087,0
17089,0.603129127
17091,0.445897412
17093,0
17095,0.363531047
17097,0.266644855
17099,0.09318037
17101,0
17103,0
17105,0
17107,0.155671296
17109,0.058303887
17111,0
17113,0.182025028
17115,0.423802784
17117,0.21498829
17119,0.117569858
17121,0.18255728
17123,0
17125,0
17127,0.108211819
17129,0
17131,0
17133,0
17135,0
17137,0.3293016
17139,0
17141,0.066837315
17143,0.462531933
17145,0
17147,0
17149,0
17151,0
17153,0.640644362
17155,0
17157,0
17159,0
17161,0.170625427
17163,0.395934521
17165,0
17167,0.255093982
17169,0
17171,0
17173,0
17175,0
17177,0.393907002
17179,0.05141844
17181,0.02310757
17183,0.348169419
17185,0
17187,0.186848958
17189,0
17191,0
17193,0
17195,0.124195223
17197,0.246138686
17199,0
17201,0.523083307
17203,0
17990,
18001,0
18003,0.491381938
18005,0.08490746
18007,0
18009,0
18011,0.139442231
18013,0
18015,0
18017,0.13138479
18019,0.13650537
18021,0
18023,0.371888726
18025,0
18027,0.334288443
18029,0
18031,0
18033,0
18035,0.264175719
18037,0
18039,0.206056977
18041,0.114056225
18043,0.170779095
18045,0
18047,0
18049,0
18051,0
18053,0.238886175
18055,0
18057,0
18059,0
18061,0
18063,0
18065,0.131697018
18067,0.150372578
18069,0.131855309
18071,0.133007756
18073,0
18075,0.098837209
18077,0.018747337
18079,0.118571429
18081,0.03373417
18083,0.14880727
18085,0
18087,0
18089,0.565538734
18091,0.27050877
18093,0.054069767
18095,0.466541353
18097,0.490868754
18099,0
18101,0
18103,0
18105,0.068060761
18107,0
18109,0
18111,0
18113,0
18115,0
18117,0
18119,0.11056338
18121,0.135488838
18123,0
18125,0
18127,0.027986973
18129,0
18131,0
18133,0
18135,0
18137,0
18139,0
18141,0.442186566
18143,0.18943299
18145,0
18147,0
18149,0
18151,0
18153,0
18155,0
18157,0.140783597
18159,0
18161,0
18163,0.381114387
18165,0
18167,0.290602352
18169,0.028861154
18171,0
18173,0
18175,0
18177,0.326154348
18179,0
18181,0.162637363
18183,0
18990,
19001,0
19003,0
19005,0.277098615
19007,0.053022269
19009,0
19011,0
19013,0.373740965
19015,0.152607856
19017,0
19019,0
19021,0.454401895
19023,0
19025,0
19027,0
19029,0
19031,0
19033,0
19035,0
19037,0
19039,0
19041,0
19043,0
19045,0.094194313
19047,0.409339295
19049,0
19051,0
19053,0
19055,0
19057,0.113273308
19059,0
19061,0.186815375
19063,0
19065,0
19067,0
19069,0
19071,0
19073,0
19075,0
19077,0
19079,0
19081,0
19083,0
19085,0
19087,0
19089,0
19091,0.058631922
19093,0
19095,0
19097,0
19099,0
19101,0
19103,0
19105,0
19107,0
19109,0
19111,0
19113,0.048402377
19115,0
19117,0
19119,0
19121,0
19123,0
19125,0
19127,0.313481829
19129,0
19131,0
19133,0
19135,0
19137,0
19139,0.151222133
19141,0
19143,0
19145,0
19147,0
19149,0
19151,0
19153,0.486369577
19155,0.143390398
19157,0
19159,0
19161,0
19163,0.204586447
19165,0
19167,0
19169,0
19171,0
19173,0.03564728
19175,0
19177,0
19179,0.179878928
19181,0
19183,0
19185,0
19187,0
19189,0
19191,0
19193,0.245323129
19195,0
19197,0
19990,
20001,0.080704329
20003,0
20005,0
20007,0
20009,0.222522175
20011,0
20013,0
20015,0.093347639
20017,0
20019,0.209726444
20021,0.125260092
20023,0
20025,0
20027,0
20029,0.050377834
20031,0
20033,0
20035,0.248979592
20037,0.246884961
20039,0
20041,0
20043,0
20045,0.027521093
20047,0
20049,0.332061069
20051,0.083001328
20053,0
20055,0.403017241
20057,0.662164473
20059,0.078661452
20061,0.285215874
20063,0
20065,0
20067,0
20069,0
20071,0
20073,0.052715655
20075,0
20077,0.346264368
20079,0
20081,0
20083,0
20085,0
20087,0
20089,0
20091,0.071132059
20093,0.25047081
20095,0
20097,0
20099,0.286085826
20101,0
20103,0.195090715
20105,0
20107,0
20109,0
20111,0.225160256
20113,0
20115,0
20117,0
20119,0.352697095
20121,0
20123,0
20125,0.246655032
20127,0
20129,0
20131,0
20133,0
20135,0
20137,0
20139,0
20141,0
20143,0
20145,0.120234604
20147,0
20149,0
20151,0
20153,0
20155,0.188986014
20157,0
20159,0.345544554
20161,0
20163,0
20165,0
20167,0
20169,0.299660441
20171,0
20173,0.545915726
20175,0.514802632
20177,0.393272211
20179,0
20181,0
20183,0
20185,0
20187,0
20189,0
20191,0
20193,0
20195,0
20197,0
20199,0
20201,0
20203,0
20205,0
20207,0
20209,0.836868732
20990,
21001,0.018760659
21003,0
21005,0
21007,0
21009,0.085850178
21011,0
21013,0
21015,0.149889989
21017,0.241801487
21019,0.175656325
21021,0
21023,0
21025,0.861433087
21027,0.288797062
21029,0.069962837
21031,0
21033,
21035,0.079258675
21037,0.325396825
21039,0
21041,0.108848865
21043,0
21045,0.443305187
21047,0.265654352
21049,0.244153414
21051,0
21053,0.361904762
21055,0
21057,0
21059,0.149508122
21061,0
21063,0.114685315
21065,0.162921348
21067,0.252436376
21069,
21071,0.633023736
21073,0
21075,0.851668727
21077,0
21079,0
21081,0
21083,0.011979464
21085,0
21087,0
21089,0
21091,0
21093,0.049704841
21095,0.182708934
21097,0
21099,0.076400679
21101,0.245463462
21103,0
21105,0
21107,0
21109,0.519379845
21111,0.462851079
21113,0
21115,0.318450427
21117,0.39335647
21119,0.498680739
21121,0.052615755
21123,0.022693997
21125,0.123786794
21127,0.132190942
21129,0.694610778
21131,0
21133,0.05159038
21135,0.172705314
21137,0.088646967
21139,0
21141,0
21143,0
21145,0.150765607
21147,0.713455521
21149,0
21151,0.046858169
21153,1
21155,0.175365344
21157,0
21159,0.49870801
21161,0
21163,0
21165,0.246153846
21167,0
21169,0.093167702
21171,0.885665529
21173,0.18625127
21175,0.571518193
21177,0.022984677
21179,0
21181,0
21183,0.085325487
21185,0
21187,0
21189,0.588235294
21191,0
21193,0.255662514
21195,0.274267876
21197,0.239566396
21199,0.085936261
21201,0
21203,0
21205,0
21207,0.057209302
21209,0.056921802
21211,0.055034775
21213,0
21215,0.008688097
21217,0
21219,0
21221,0
21223,0
21225,0
21227,0.245037221
21229,0
21231,0.424585524
21233,0
21235,0.335526316
21237,1
21239,0
21990,
22001,0.513301352
22003,0.276610894
22005,0.340635697
22007,0.404568331
22009,0.684645669
22011,0
22013,0.448798989
22015,0.305564063
22017,0.641053724
22019,0.349515064
22021,0
22023,0
22025,0.638204225
22027,0.87491982
22029,0.61716857
22031,0.480340376
22033,0.735839995
22035,1
22037,0.753357753
22039,0.442051042
22041,1
22043,0.127497621
22045,0.572940787
22047,1
22049,0.439544808
22051,0.680665781
22053,0.127029336
22055,0.413361755
22057,0.272675543
22059,0
22061,0.359239586
22063,0.031179359
22065,1
22067,0.916861827
22069,0.588485708
22071,0.816652762
22073,0.391800683
22075,0.249820273
22077,1
22079,0.418386492
22081,1
22083,0.713534362
22085,0.316442606
22087,0.570136796
22089,0.3061428
22091,1
22093,0.372260015
22095,1
22097,0.73810973
22099,0.50055582
22101,0.496007984
22103,0.258190239
22105,0.538413547
22107,1
22109,0.47909054
22111,0.625
22113,0.263007721
22115,0.131014689
22117,0.902835249
22119,0.212389381
22121,0.43616623
22123,0.562874251
22125,0
22127,0.277027027
22990,
23001,0.137624595
23003,0.025445293
23005,0
23007,0.19920142
23009,0
23011,0
23013,0
23015,0
23017,0.214977645
23019,0.083615222
23021,0.20966644
23023,0
23025,0.053999096
23027,0.030525502
23029,0.477496785
23031,0.018904757
23990,
24001,0.134383089
24003,0.101665734
24005,0.204714301
24009,0
24011,0.123445274
24013,0
24015,0
24017,0
24019,0.241450068
24021,0.162439073
24023,0.092213115
24025,0.038031534
24027,0
24029,0
24031,0.13574384
24033,0.377502476
24035,0
24037,0.093617021
24039,0.389052384
24041,0
24043,0.118657148
24045,0.243688387
24047,0
24510,0.885025247
24990,
25001,0.04005168
25003,0.157157302
25005,0.330758657
25007,0
25009,0.493001483
25011,0
25013,0.618826406
25015,0
25017,0.200110611
25019,0
25021,0
25023,0.360649295
25025,0.586758295
25027,0.333378999
25990,
26001,0
26003,0.057425743
26005,0.128737113
26007,0
26009,0.119402985
26011,0.127388535
26013,0
26015,0
26017,0.140020147
26019,0
26021,0.305818674
26023,0.027515286
26025,0.203674196
26027,0.120327422
26029,0.009144701
26031,0.086206897
26033,0.044924406
26035,0.289298893
26037,0
26039,0
26041,0
26043,0
26045,0
26047,0
26049,0.439574921
26051,0
26053,0
26055,0.091286307
26057,0.166303332
26059,0.044737597
26061,0
26063,0.034076567
26065,0.129861724
26067,0.112690564
26069,0.569389374
26071,0
26073,0
26075,0.184726177
26077,0.28760673
26079,0.048951049
26081,0.409420687
26083,0
26085,0.883680556
26087,0
26089,0
26091,0
26093,0
26095,0
26097,0
26099,0.209205572
26101,0.131404461
26103,0.082986111
26105,0.172351885
26107,0
26109,0.071682766
26111,0
26113,0
26115,0.093856455
26117,0.049568156
26119,0
26121,0.198088443
26123,0.069970845
26125,0.203274365
26127,0.448584906
26129,0.312342569
26131,0
26133,0
26135,0.486821705
26137,0
26139,0.117732367
26141,0
26143,0.420662383
26145,0.524842146
26147,0.064337003
26149,0.05943331
26151,0
26153,0
26155,0.064555633
26157,0
26159,0.37401846
26161,0.166968228
26163,0.634351679
26165,0
26990,
27001,0.200764818
27003,0.151906882
27005,0.095684803
27007,0.409436494
27009,0.141212926
27011,0.098236776
27013,0
27015,0
27017,0
27019,0
27021,0.422126324
27023,0
27025,0
27027,0
27029,0
27031,0.130252101
27033,0
27035,0
27037,0.036219484
27039,0
27041,0
27043,0
27045,0
27047,0
27049,0
27051,0
27053,0.423557126
27055,0
27057,0
27059,0
27061,0.147908875
27063,0
27065,0
27067,0
27069,0
27071,0
27073,0
27075,0
27077,0
27079,0
27081,0
27083,0
27085,0
27087,0.154460719
27089,0
27091,0
27093,0
27095,0
27097,0
27099,0.061707805
27101,0
27103,0
27105,0
27107,0
27109,0.037824406
27111,0
27113,0
27115,0
27117,0
27119,0
27121,0
27123,0.554967956
27125,0
27127,0
27129,0
27131,0
27133,0
27135,0
27137,0.031445231
27139,0
27141,0.128322861
27143,0.011702128
27145,0.047919128
27147,0
27149,0
27151,0
27153,0
27155,0
27157,0
27159,0
27161,0
27163,0
27165,0
27167,0
27169,0.023155627
27171,0
27173,0
27990,
28001,1
28003,0.064365927
28005,1
28007,0.311258278
28009,1
28011,0.850162279
28013,1
28015,1
28017,0.872348782
28019,0.268599034
28021,1
28023,0.76462585
28025,1
28027,1
28029,0.826305221
28031,0.6490093
28033,0.293717768
28035,0.594146117
28037,0.726398601
28039,0.385737977
28041,0.825283244
28043,0.385514019
28045,0.515236052
28047,0.38177053
28049,0.794348179
28051,1
28053,1
28055,
28057,0.212430822
28059,0.371921516
28061,0.804937076
28063,1
28065,1
28067,0.500288118
28069,1
28071,0
28073,0.113640605
28075,0.567273535
28077,0.352024922
28079,1
28081,0.219764297
28083,1
28085,0.333836099
28087,0.632
28089,0.584488957
28091,0.892334699
28093,1
28095,0.352463179
28097,0.711074105
28099,0.32046332
28101,0.347775629
28103,1
28105,0.223677178
28107,0.755207338
28109,0.269939651
28111,0.84063745
28113,0.747479925
28115,0
28117,0.422413793
28119,1
28121,0.038776677
28123,0.81037969
28125,1
28127,1
28129,0
28131,0
28133,1
28135,1
28137,0.352520046
28139,0.388981636
28141,0.298337292
28143,1
28145,0
28147,0.826933193
28149,0.650495644
28151,1
28153,0.902308464
28155,0.376532399
28157,1
28159,0.881847915
28161,0.38340192
28163,1
28990,
29001,0
29003,0
29005,0
29007,0
29009,0
29011,0.086115993
29013,0
29015,0.06119951
29017,0
29019,0.029530201
29021,0.270790378
29023,0.15596556
29025,0
29027,0
29029,0.083180428
29031,0.12303486
29033,0
29035,0
29037,0
29039,0
29041,0
29043,0
29045,0.071428571
29047,0.054888889
29049,0
29051,0.173351159
29053,0
29055,0
29057,0.082489146
29059,0
29061,0
29063,0.116591928
29065,0
29067,0
29069,0.157135875
29071,0
29073,0
29075,0
29077,0.221014114
29079,0
29081,0.104607721
29083,0.07002457
29085,0.115758755
29087,0
29089,0
29091,0.047315742
29093,0.217588395
29095,0.403869758
29097,0.115789474
29099,0
29101,0
29103,0
29105,0
29107,0
29109,0
29111,
29113,0
29115,0
29117,0
29119,0.402995981
29121,0
29123,0.048979592
29125,0
29127,0.076186677
29129,0
29131,0
29133,0.409536251
29135,0
29137,0
29139,0
29141,0
29143,0
29145,0.106614203
29147,0
29149,0.077196096
29151,0
29153,0.235780765
29155,0.100285365
29157,0
29159,0.140926158
29161,0
29163,0
29165,0
29167,0.154280027
29169,0
29171,0
29173,0
29175,0
29177,0
29179,0.245973646
29181,0
29183,0
29185,0
29186,0
29187,0
29189,0.392826743
29195,0.104249292
29197,
29199,0
29201,0
29203,0.32192339
29205,0
29207,0
29209,0
29211,0.053040103
29213,0.008777564
29215,0
29217,0
29219,0
29221,0.237677527
29223,0
29225,0
29227,0
29229,0.066987741
29510,0.395253026
29990,
30001,0
30003,0.78771837
30005,0.819672131
30007,0
30009,0.031446541
30011,0
30013,0.0994422
30015,0.043824701
30017,0
30019,0
30021,0
30023,0
30025,0
30027,0
30029,0
30031,0
30033,0
30035,0.859841828
30037,0.386666667
30039,0
30041,0.478437341
30043,0
30045,0
30047,0.263137852
30049,0.075165364
30051,0.159090909
30053,0.013970588
30055,0
30057,0
30059,0
30061,0
30063,0.005486968
30065,0
30067,0
30069,0.472222222
30071,0.16056338
30073,0.438642298
30075,0
30077,0
30079,0
30081,0
30083,0
30085,0.894817855
30087,0.632065776
30089,0.081201335
30091,0
30093,0
30095,0
30097,0
30099,0.086419753
30101,0.046332046
30103,0
30105,0.248587571
30107,0
30109,0
30111,0.072695258
30990,
31001,0.217259324
31003,0
31005,0
31007,0
31009,0
31011,0
31013,0
31015,0
31017,0
31019,0.037555697
31021,0
31023,0
31025,0
31027,0
31029,0
31031,0
31033,0
31035,0
31037,0
31039,0
31041,0
31043,0.277627119
31045,0.137645108
31047,0.397189123
31049,0
31051,0
31053,0.06167979
31055,0.516811866
31057,0
31059,0.124579125
31061,0
31063,0
31065,0
31067,0
31069,0
31071,0
31073,0
31075,0
31077,0.180995475
31079,0.439880614
31081,0
31083,0
31085,0
31087,0.114942529
31089,0
31091,0
31093,0
31095,0
31097,0
31099,0
31101,0
31103,0
31105,0
31107,0.232839838
31109,0.212257369
31111,0
31113,0
31115,0
31117,0
31119,0.07385466
31121,0.116724739
31123,0
31125,0
31127,0
31129,0
31131,0
31133,0
31135,0
31137,0
31139,0
31141,0
31143,0
31145,0
31147,0
31149,0
31151,0
31153,0.314589352
31155,0.03468781
31157,0.091126382
31159,0
31161,0
31163,0
31165,0
31167,0
31169,0
31171,0
31173,0.584758942
31175,0
31177,0
31179,0
31181,0
31183,0
31185,0
31990,
32001,0
32003,0.3771314
32005,0
32007,0.229184549
32009,0
32011,0
32013,0.098207327
32015,0
32017,0
32019,0.113142292
32021,0.206896552
32023,0.107840099
32027,0
32029,
32031,0.47421875
32033,0
32510,0
32990,
33001,0
33003,0
33005,0
33007,0
33009,0
33011,0.141461441
33013,0
33015,0
33017,0.010050251
33019,0
33990,
34001,0.38213249
34003,0.066272144
34005,0
34007,0.409494573
34009,0.112012275
34011,0.475459961
34013,0.761737071
34015,0.059790394
34017,0.561923651
34019,0
34021,0.578203735
34023,0.178185142
34025,0.210620259
34027,0.087223457
34029,0.227251922
34031,0.631127061
34033,0.303429527
34035,0.104002337
34037,0
34039,0.633463511
34041,0
34990,
35001,0.627333519
35003,0.558823529
35005,0.818172926
35006,0.514048991
35007,0.596477795
35009,0.526057456
35011,0
35013,0.707357916
35015,0.390900196
35017,0.459065297
35019,1
35021,0
35023,0.251585624
35025,0.234581105
35027,0.167001003
35028,0
35029,1
35031,0.786204469
35033,1
35035,0.241613887
35037,0.803343949
35039,0.744834931
35041,0.191101695
35043,0.344989185
35045,0.459618962
35047,0.696482717
35049,0.502848757
35051,0.779840849
35053,0.436850738
35055,0.470159611
35057,0.517366511
35059,0.561403509
35061,0.614950066
35990,
36001,0.401760145
36003,0
36005,0.873250025
36007,0.067125196
36009,0.101365462
36011,0.076467421
36013,0.370439914
36015,0.071588367
36017,0
36019,0.049740312
36021,0
36023,0
36025,0.104440101
36027,0.302499416
36029,0.469118721
36031,0
36033,0.069335426
36035,0.149653122
36037,0.071052632
36039,0
36041,0
36043,0.073165829
36045,0
36047,0.786818571
36049,0.185354691
36051,0
36053,0
36055,0.44266115
36057,0
36059,0.24392443
36061,0.735169655
36063,0.23669739
36065,0.375828991
36067,0.316438503
36069,0.104644327
36071,0.236183258
36073,0.16722408
36075,0
36077,0
36079,0
36081,0.629728143
36083,0.162447808
36085,0.346722969
36087,0.17529468
36089,0.168544892
36091,0
36093,0.348800629
36095,0
36097,0
36099,0
36101,0.082979035
36103,0.232131292
36105,0.077424452
36107,0
36109,0
36111,0.072422405
36113,0
36115,0.12792472
36117,0.082941572
36119,0.357523386
36121,0
36123,0
36990,
37001,0.460054886
37003,0.078300562
37005,0.660098522
37007,0.598990263
37009,0
37011,0.223061084
37013,0.148863878
37015,0.92892562
37017,0.478775405
37019,0
37021,0.064618193
37023,0.076971292
37025,0.153912085
37027,0.222252634
37029,0
37031,0
37033,0.15145334
37035,0.166629439
37037,0.36310361
37039,0.050207469
37041,0
37043,0
37045,0.174314784
37047,0.37544957
37049,0.2
37051,0.270909328
37053,0
37055,0
37057,0.327052198
37059,0.127316404
37061,0.498894295
37063,0.423237621
37065,0.777762179
37067,0.401812893
37069,0.126926736
37071,0.306750065
37073,0
37075,0
37077,0.080922432
37079,0.525817556
37081,0.489890264
37083,0.681946991
37085,0.092722004
37087,0
37089,0.195604396
37091,0.762758083
37093,0.320153762
37095,1
37097,0.159746901
37099,0.21472105
37101,0.145105129
37103,1
37105,0.412148195
37107,0.421773718
37109,0.127592819
37111,0.145299145
37113,0.116887773
37115,0.062539482
37117,0.413164155
37119,0.540958115
37121,0
37123,0.470793651
37125,0.18952949
37127,0.214108113
37129,0.265392066
37131,0.777555911
37133,0
37135,0
37137,0
37139,0.207008086
37141,0.364191452
37143,0
37145,0.219953902
37147,0.226067317
37149,0.079465541
37151,0.198472172
37153,0.607316634
37155,0.913108021
37157,0.18153345
37159,0.267884323
37161,0.182632201
37163,0.519367029
37165,0.60787142
37167,0.15028296
37169,0.02063071
37171,0.181778679
37173,0
37175,0
37177,0.586605081
37179,0.308821423
37181,0.865647627
37183,0.105913619
37185,0.91314445
37187,0.796599084
37189,0.014184397
37191,0.372986971
37193,0.148757857
37195,0.41515904
37197,0
37199,0
37990,
38001,0
38003,0
38005,0.786774629
38007,0
38009,0.492779783
38011,0
38013,0
38015,0.125585023
38017,0.023498262
38019,0
38021,0.0995671
38023,0
38025,0.294117647
38027,0
38029,0
38031,0
38033,0
38035,0.026794916
38037,0
38039,0
38041,0
38043,0
38045,0.170040486
38047,0
38049,0
38051,0
38053,0.38377193
38055,0.217391304
38057,0
38059,0.043933054
38061,0
38063,0
38065,0
38067,0
38069,0
38071,0
38073,0.11827957
38075,0
38077,0
38079,0.379719525
38081,0
38083,0
38085,1
38087,0
38089,0
38091,0
38093,0
38095,0
38097,0
38099,0
38101,0
38103,0
38105,0
38990,
39001,0
39003,0.538676845
39005,0.161540519
39007,0.216405339
39009,0.609052409
39011,0.167642753
39013,0.311323062
39015,0.124607583
39017,0.229935017
39019,0.118523776
39021,0
39023,0.157618501
39025,0
39027,0.084272541
39029,0.315062876
39031,0.208520179
39033,0.102699531
39035,0.351142009
39037,0.292041292
39039,0.136026686
39041,0.009506026
39043,0.307373185
39045,0.128707267
39047,0
39049,0.460560511
39051,0.187861272
39053,0.029722331
39055,0
39057,0.0428947
39059,0.307719422
39061,0.553411639
39063,0.177810797
39065,0.281297516
39067,0
39069,0.502910361
39071,0.680037313
39073,0.154555515
39075,0
39077,0.034405217
39079,0.241114313
39081,0.127310449
39083,0.097545626
39085,0.179788039
39087,0.056680162
39089,0.093547807
39091,0.10040568
39093,0.327587094
39095,0.41961902
39097,0.374257426
39099,0.229845776
39101,0
39103,0
39105,0.193121693
39107,0.145342886
39109,0.104233227
39111,0.162948594
39113,0.33751721
39115,0
39117,0
39119,0.135988657
39121,0
39123,0.068278805
39125,0.401645475
39127,0.200337268
39129,0.024756852
39131,0
39133,0.08977492
39135,0.326478149
39137,0.499684543
39139,0.561611374
39141,0.754713276
39143,0.158398087
39145,0.442848061
39147,0.226442659
39149,0.33374961
39151,0.376611523
39153,0.098534374
39155,0.162595005
39157,0.090150739
39159,0
39161,0.564724085
39163,
39165,0.027604087
39167,0.038179916
39169,0.079450418
39171,0.388856979
39173,0.307394877
39175,0
39990,
40001,0.791183295
40003,0
40005,0.332119004
40007,0
40009,0
40011,0.52154195
40013,0.483707865
40015,0.485507246
40017,0.163200815
40019,0.577870163
40021,0.504149378
40023,0.828849722
40025,0.702786378
40027,0.112106549
40029,0.58783008
40031,0.237418118
40033,0.149765991
40035,0.277263374
40037,0.325693607
40039,0.489041096
40041,0.479471838
40043,0.025096525
40045,0.176870748
40047,0.393660812
40049,0.144138756
40051,0.196891192
40053,0
40055,0
40057,0.791767554
40059,0
40061,0.608416131
40063,0.669680851
40065,0.316646192
40067,0.17005988
40069,0.637102234
40071,0.31
40073,0.319248826
40075,0.43826087
40077,0.352040816
40079,0.507542512
40081,0.113663133
40083,0.065713313
40085,0.542207792
40087,0.009205984
40089,0.786864015
40091,0.708211755
40093,0
40095,0.860648554
40097,0.311909263
40099,0
40101,0.559301381
40103,0.04196933
40105,0
40107,0.790595151
40109,0.671453498
40111,0.538794882
40113,0.528805719
40115,0.544163338
40117,0.447524752
40119,0.226901208
40121,0.414141414
40123,0.156953642
40125,0.37765444
40127,0.800330033
40129,0
40131,0.181531176
40133,0.571356018
40135,0.651245552
40137,0.199823944
40139,0.340487805
40141,0.862684251
40143,0.491785005
40145,0.200521399
40147,0.148373508
40149,0
40151,0
40153,0
40990,
41001,0
41003,0.099944629
41005,0.060659219
41007,0
41009,0.004760571
41011,0.300046773
41013,0.314814815
41015,0.085557837
41017,0.029059081
41019,0.216216216
41021,0
41023,0.187096774
41025,0.46259542
41027,0.268292683
41029,0.301107934
41031,0.878704342
41033,0.200417848
41035,0.519670631
41037,0.344262295
41039,0.196579697
41041,0.260098808
41043,0.162086818
41045,0.457636266
41047,0.49547926
41049,0.69009009
41051,0.451090909
41053,0.053625512
41055,0
41057,0
41059,0.241371045
41061,0.093339815
41063,0
41065,0.171163202
41067,0.112064797
41069,0.424242424
41071,0.179917714
41990,
42001,0
42003,0.316514401
42005,0
42007,0.155260028
42009,0.031956587
42011,0.543217182
42013,0.095617057
42015,0
42017,0
42019,0.031087265
42021,0.231905465
42023,0
42025,0
42027,0
42029,0.014553645
42031,0
42033,0.020425177
42035,0.030178326
42037,0
42039,0.052238806
42041,0
42043,0.218380147
42045,0.338629348
42047,0
42049,0.510616687
42051,0.114872876
42053,0
42055,0.084863838
42057,0
42059,0
42061,0
42063,0
42065,0
42067,0
42069,0.080031633
42071,0.338611542
42073,0.03917006
42075,0.399299946
42077,0.633468804
42079,0.295013175
42081,0.112498074
42083,0
42085,0.276015657
42087,0
42089,0.02421424
42091,0.091121495
42093,0
42095,0.089143324
42097,0.053204565
42099,0
42101,0.757455012
42103,0
42105,0
42107,0.058136873
42109,0
42111,0
42113,0
42115,0
42117,0
42119,0
42121,0
42123,0
42125,0
42127,0
42129,0.065328611
42131,0
42133,0.18336249
42990,
44001,0
44003,0
44005,0.072118703
44007,0.555728237
44009,0
44999,
45001,0.077108434
45003,0.284345941
45005,1
45007,0.116051017
45009,0.43957346
45011,0.669981355
45013,0.180091185
45015,0.274520313
45017,0.696185286
45019,0.677225608
45021,0.34671126
45023,0.558020913
45025,0.30785124
45027,0.665384615
45029,0.647766323
45031,0.722548758
45033,0.774247144
45035,0.165129795
45037,0.10866696
45039,1
45041,0.398629243
45043,0.595791115
45045,0.308642318
45047,0.199345009
45049,0.623366928
45051,0.357185168
45053,0.803590664
45055,0.217765536
45057,0.258599696
45059,0.187899579
45061,0.932053176
45063,0.193101324
45065,0.508532423
45067,1
45069,0.759879336
45071,0.57814096
45073,0.177232218
45075,0.775740227
45077,0.04128608
45079,0.376557621
45081,0.542843691
45083,0.209608139
45085,0.539781203
45087,0.145995748
45089,1
45091,0.036138358
45990,
46003,0
46005,0.009491525
46007,0
46009,0
46011,0.016536965
46013,0
46015,0
46017,
46019,0
46021,0
46023,0.56927427
46025,0.369294606
46027,0
46029,0
46031,1
46033,0.189944134
46035,0
46037,0
46039,0
46041,0.257246377
46043,0.12244898
46045,0.263779528
46047,0.211576846
46049,0.404494382
46051,0
46053,0.248826291
46055,0
46057,0
46059,0.085271318
46061,0.135338346
46063,0
46065,0
46067,0.209713024
46069,0
46071,0
46073,0.289855072
46075,0
46077,0.06
46079,0
46081,0
46083,0
46085,0
46087,0.048780488
46089,0.331730769
46091,0.181518152
46093,0
46095,1
46097,0
46099,0.30158597
46101,0
46103,0.243393196
46105,0
46107,0
46109,0.017751479
46111,0
46113,1
46115,0.203473945
46117,0
46119,0
46121,1
46123,0
46125,0
46127,0
46129,0
46135,0
46137,1
46990,
47001,0.146813985
47003,0.319890009
47005,0.089836066
47007,1
47009,0.044579297
47011,0.123138034
47013,0.537165282
47015,0.267209474
47017,0.147673635
47019,0.212880475
47021,0
47023,0
47025,0.60330339
47027,0.038666667
47029,0.55643422
47031,0.096774194
47033,0.078908189
47035,0.28336714
47037,0.643984221
47039,0
47041,0
47043,0
47045,0.287303665
47047,0.484589041
47049,0.60393384
47051,0
47053,0.203469109
47055,0
47057,0.360992633
47059,0.322727989
47061,0.692520776
47063,0.442804428
47065,0.549326124
47067,1
47069,0.913782816
47071,0.071948262
47073,0.312407407
47075,0.749330272
47077,0.164388129
47079,0.249201278
47081,0
47083,0
47085,0
47087,0.16235504
47089,0
47091,0.362292052
47093,0.297688287
47095,0.782849239
47097,0.894071146
47099,0.106382979
47101,0
47103,0
47105,0.265646732
47107,0.073348694
47109,0.283519553
47111,0.213378493
47113,0.644527047
47115,0
47117,0.124381392
47119,0.179292568
47121,0
47123,0.34528606
47125,0.06676485
47127,0
47129,0.072402445
47131,0.208170622
47133,0.073770492
47135,0.320197044
47137,0
47139,0.390282968
47141,0.184577114
47143,0.367917206
47145,0.118064043
47147,0.27368603
47149,0.134184534
47151,0.688959354
47153,0
47155,0.161627643
47157,0.754571548
47159,0
47161,0
47163,0.264813844
47165,0.098276624
47167,0.270710928
47169,0
47171,0.161887694
47173,0.282818977
47175,0
47177,0.20821727
47179,0.087533809
47181,0
47183,0.069051878
47185,0.088115513
47187,0
47189,0
47990,
48001,0.314829043
48003,0
48005,0.306885189
48007,0
48009,0
48011,0
48013,0.259682313
48015,0
48017,1
48019,0
48021,0.328240943
48023,0
48025,0.458760108
48027,0.320669091
48029,0.613604347
48031,0
48033,0
48035,0.193861893
48037,0.301144561
48039,0.124656342
48041,0.364734911
48043,0.144886364
48045,0
48047,0.768339768
48049,0.177199191
48051,0.120608899
48053,0.122597281
48055,0.328459188
48057,0
48059,0.041033435
48061,0.900039252
48063,0.74484147
48065,0
48067,0.239022972
48069,0.962909091
48071,0
48073,0.577484758
48075,0
48077,0
48079,0.676311031
48081,0
48083,0
48085,0.095771479
48087,0
48089,0.20952381
48091,0
48093,0.138429752
48095,0
48097,0.545281996
48099,0.064871481
48101,0
48103,0
48105,0
48107,0.844019139
48109,0.71875
48111,0
48113,0.711408952
48115,0.675184554
48117,0.758226037
48119,0.159322034
48121,0.188826252
48123,0.233120114
48125,0.353413655
48127,0.565407772
48129,0
48131,0.812961012
48133,0.141952507
48135,0.123115257
48137,0
48139,0.153925245
48141,0.624153144
48143,0.202759063
48145,0.82773803
48147,0.045454545
48149,0
48151,0.129032258
48153,0.698717949
48155,0
48157,0.305862521
48159,0
48161,0
48163,0.701877934
48165,0
48167,0.328763472
48169,0
48171,0
48173,0
48175,0
48177,0.48018648
48179,0.408830022
48181,0.201978638
48183,0.275228602
48185,0.611390285
48187,0.166342711
48189,0.538941954
48191,0.60704607
48193,0
48195,0
48197,0.707272727
48199,0
48201,0.661952074
48203,0.37376962
48205,0
48207,0.379166667
48209,0.297378329
48211,0
48213,0.126040932
48215,0.856678704
48217,0.386792453
48219,0.074319352
48221,0
48223,0.153297244
48225,0.412682436
48227,0.026883401
48229,0.828571429
48231,0.202609363
48233,0
48235,0
48237,0
48239,0
48241,0.267644617
48243,0.333333333
48245,0.596680678
48247,0.758314856
48249,0.599812851
48251,0.172757475
48253,0.211214953
48255,0.355555556
48257,0.267482376
48259,0
48261,0
48263,0
48265,0.223583461
48267,0
48269,0
48271,0
48273,0.549713691
48275,0.120833333
48277,0.220588235
48279,0.442416341
48281,0.106719368
48283,1
48285,0
48287,0.364418938
48289,0.267888823
48291,0.286716352
48293,0.535003685
48295,0
48297,0
48299,0.347945205
48301,
48303,0.501827485
48305,0.287752675
48307,0
48309,0.654875752
48311,0
48313,0.290026954
48315,0.484916201
48317,0
48319,0
48321,0.454288026
48323,0.730497646
48325,0.073978716
48327,0.567099567
48329,0.134903265
48331,0.273691186
48333,0.306521739
48335,0
48337,0
48339,0.213899303
48341,0.348064702
48343,0.571251549
48345,0
48347,0.486845711
48349,0.37915937
48351,0.098385857
48353,0.257364341
48355,0.51922234
48357,0
48359,0.224137931
48361,0.271203278
48363,0.195035461
48365,0
48367,0
48369,0.715332582
48371,0.167501391
48373,0.367804276
48375,0.701673952
48377,0.936835106
48379,0
48381,0.071974522
48383,0
48385,0
48387,0.511154856
48389,0.082253521
48391,0
48393,0
48395,0.639923591
48397,0
48399,0.239413681
48401,0.242303569
48403,0.398176292
48405,0.867393279
48407,0.29506838
48409,0.239864865
48411,0
48413,0
48415,0
48417,0.33447099
48419,0.498612863
48421,0
48423,0.47807208
48425,0
48427,1
48429,0
48431,0
48433,0
48435,0
48437,0.611940299
48439,0.500394669
48441,0.22826087
48443,0
48445,0.224076281
48447,0
48449,0.789143676
48451,0.379243264
48453,0.664913844
48455,0.601208459
48457,0.135790495
48459,0.061639038
48461,0
48463,0.665193113
48465,0.425540173
48467,0
48469,0.484444444
48471,0.252640655
48473,0.65937988
48475,0
48477,0.144937128
48479,0.841938004
48481,0.355175689
48483,0
48485,0.284088034
48487,0.532693461
48489,0.950151822
48491,0.073797066
48493,0
48495,0
48497,0
48499,0
48501,0
48503,0
48505,0.754703585
48507,0.910262106
48990,
49001,1
49003,0.776332714
49005,0.298000147
49007,0.794132273
49009,0
49011,0.196018134
49013,0
49015,0.819672131
49017,0.671523179
49019,0.947419669
49021,0.658419152
49023,0.350557839
49025,0.989825581
49027,0.756756757
49029,0
49031,1
49033,1
49035,0.618022058
49037,1
49039,0.685442898
49041,0.747653806
49043,0
49045,0.653442652
49047,0.684109458
49049,0.381124895
49051,0.666374397
49053,0.681181088
49055,1
49057,0.607059988
49990,
50001,0
50003,0
50005,0
50007,0.120531705
50009,0.233062331
50011,0
50013,0.096491228
50015,0
50017,0
50019,0.109875445
50021,0
50023,0
50025,0
50027,0
50990,
51001,0.492814877
51003,0
51005,0
51007,0
51009,0
51011,0
51013,0.071643502
51015,0
51017,0
51019,0
51021,0
51023,0
51025,0.722946545
51027,0.131162791
51029,0.268537074
51031,0
51033,0
51035,0.07145932
51036,0
51037,0.129966887
51041,0.071010596
51043,0
51045,0
51047,0
51049,0
51051,0
51053,0
51057,0.439285714
51059,0.061754462
51061,0
51063,0
51065,0
51067,0
51069,0
51071,0
51073,0
51075,0
51077,0
51079,0
51081,0
51083,0.06536128
51085,0
51087,0.208943045
51089,0.17956144
51091,0
51093,0
51095,0
51097,0
51099,0
51101,0
51103,0.370290635
51105,0
51107,0
51109,0
51111,0
51113,0
51115,0
51117,0
51119,0
51121,0
51125,0
51127,0
51131,0.641449961
51133,0
51135,0
51137,0
51139,0
51141,0
51143,0
51145,0
51147,0.449079755
51149,0
51153,0.106875792
51155,0
51157,0
51159,0
51161,0
51163,0
51165,0
51167,0
51169,0.024265049
51171,0
51173,0
51175,0
51177,0
51179,0
51181,0
51183,0.666309013
51185,0
51187,0
51191,0
51193,0.232105629
51195,0.079750964
51197,0
51199,0
51510,0.140475851
51515,0
51520,0.250329381
51530,0
51540,0.095917558
51550,0.111848948
51570,0
51580,0
51590,0.674544666
51595,0
51600,0
51610,0
51620,0.219486081
51630,0.093409742
51640,0
51650,0.141837875
51660,0.312786003
51670,0.597420704
51678,0
51680,0.20683793
51683,0
51685,0
51690,0.367551622
51700,0.285980655
51710,0.293967715
51720,0
51730,0.525652842
51735,0
51740,0.171293756
51750,0
51760,0.738130201
51770,0.537410677
51775,0
51790,0.05106658
51800,0.070028011
51810,0.016021481
51820,0.176239568
51830,0
51840,0.148511384
51990,
53001,0.691322073
53003,0.286455331
53005,0.163821405
53007,0.271773637
53009,0
53011,0.093372598
53013,0
53015,0.184253512
53017,0.369599638
53019,0.285971223
53021,0.476076994
53023,0
53025,0.562304047
53027,0.2815639
53029,0
53031,0.015600624
53033,0.226805887
53035,0.061444611
53037,0
53039,0.247957993
53041,0.162166129
53043,0
53045,0.100243957
53047,0.348753697
53049,0.111884058
53051,0
53053,0.253047725
53055,0
53057,0.227290758
53059,0
53061,0.070428356
53063,0.26233879
53065,0.14724431
53067,0
53069,0
53071,0.04209622
53073,0.078044444
53075,0
53077,0.731119655
53990,
54001,0
54003,0.011735837
54005,0
54007,0.094537815
54009,0
54011,0.200059014
54013,0
54015,0
54017,0
54019,0
54021,0
54023,0
54025,0.164105917
54027,0.036574871
54029,0
54031,0
54033,0.042926131
54035,0
54037,0
54039,0.035575727
54041,0.079465989
54043,0
54045,0
54047,0.799297012
54049,0
54051,0.066128412
54053,0
54055,0.284936479
54057,0
54059,0.075797872
54061,0
54063,0
54065,0
54067,0.036073826
54069,0
54071,0
54073,0
54075,0
54077,0
54079,0
54081,0.087248322
54083,0.013526119
54085,0
54087,0
54089,0
54091,0
54093,0
54095,0
54097,0.047013977
54099,0.052773027
54101,0.077658303
54103,0
54105,0
54107,0.215628751
54109,0
54990,
55001,0.093120805
55003,0.005952381
55005,0
55007,0
55009,0.283936851
55011,0
55013,0
55015,0
55017,0
55019,0
55021,0
55023,0
55025,0.060328185
55027,0
55029,0
55031,0
55033,0
55035,0.045234807
55037,0
55039,0.049653363
55041,0
55043,0
55045,0
55047,0
55049,0
55051,0
55053,0
55055,0
55057,0
55059,0.215659445
55061,0
55063,0.042747838
55065,0
55067,0.09929078
55069,0
55071,0.0808842
55073,0.085076351
55075,0
55077,0
55078,1
55079,0.689308602
55081,0
55083,0
55085,0
55087,0
55089,0
55091,0
55093,0
55095,0
55097,0
55099,0
55101,0.293700938
55103,0
55105,0.244948954
55107,0
55109,0
55111,0
55113,0.032307692
55115,0.029924367
55117,0.157064273
55119,0
55121,0
55123,0
55125,0.306666667
55127,0.065587497
55129,0
55131,0
55133,0.032920051
55135,0
55137,0
55139,0
55141,0.066961593
55990,
56001,0
56003,0
56005,0
56007,0
56009,0
56011,0
56013,0.442470389
56015,0.021615472
56017,0
56019,0
56021,0.132181999
56023,0
56025,0.073961692
56027,0
56029,0
56031,0
56033,0
56035,0
56037,0
56039,0
56041,0
56043,0
56045,0
56990,
60010,0
66010,0
69100,1
69110,1
69120,1
72001,1
72003,1
72005,1
72007,1
72009,1
72011,1
72013,1
72015,1
72017,1
72019,1
72021,1
72023,1
72025,1
72027,1
72029,1
72031,1
72033,1
72035,1
72037,1
72039,1
72041,1
72043,1
72045,1
72047,1
72049,1
72051,1
72053,1
72054,1
72055,1
72057,1
72059,1
72061,1
72063,1
72065,1
72067,1
72069,1
72071,1
72073,1
72075,1
72077,1
72079,1
72081,1
72083,1
72085,1
72087,1
72089,1
72091,1
72093,1
72095,1
72097,1
72099,1
72101,1
72103,1
72105,1
72107,1
72109,1
72111,1
72113,1
72115,1
72117,1
72119,1
72121,1
72123,1
72125,1
72127,0.99977286
72129,1
72131,1
72133,1
72135,1
72137,1
72139,1
72141,1
72143,1
72145,1
72147,1
72149,1
72151,1
72153,1
72990,
78010,1
78020,1
78030,1
